id;category/id;category/name/en;category/name/ca;category/name/es;category/name/it;scope/id;scope/name/en;scope/name/ca;scope/name/es;scope/name/it;participatory_space/id;participatory_space/url;component/id;title;body;state;reference;answer/en;answer/ca;answer/es;answer/it;supports;endorsements/total_count;endorsements/user_endorsements;comments;attachments;followers;published_at;url;meeting_urls;related_proposals;is_amend;original_proposal/title;original_proposal/url
13;;"";"";"";"";;"";"";"";"";1;http://partecipazione.comune.milano.it/processes/test?participatory_process_slug=test;1;Proposta test dopo modifica db;TEst osservazione;accepted;MD-PROP-2020-05-13;"";"";"";"";0;0;"";0;0;3;2020-05-07 13:10:43 UTC;http://partecipazione.comune.milano.it/processes/test/f/1/proposals/13;"";"";true;Proposta test dopo modifica db;http://partecipazione.comune.milano.it/processes/test/f/1/proposals/1
17;;"";"";"";"";;"";"";"";"";1;http://partecipazione.comune.milano.it/processes/test?participatory_process_slug=test;1;Proposta test dopo modifica db;Proposta test dopo modifica db NEW 1;rejected;MD-PROP-2020-05-17;"";"";"";"";0;0;"";0;0;3;2020-05-08 10:25:59 UTC;http://partecipazione.comune.milano.it/processes/test/f/1/proposals/17;"";"";true;Proposta test dopo modifica db;http://partecipazione.comune.milano.it/processes/test/f/1/proposals/1
38;;"";"";"";"";;"";"";"";"";1;http://partecipazione.comune.milano.it/processes/test?participatory_process_slug=test;1;Prova ritiro proposta;Osservazione test 5;withdrawn;MD-PROP-2020-05-38;"";"";"";"";0;0;"";0;0;3;2020-05-18 08:32:03 UTC;http://partecipazione.comune.milano.it/processes/test/f/1/proposals/38;"";"";true;Prova ritiro proposta;http://partecipazione.comune.milano.it/processes/test/f/1/proposals/33
39;;"";"";"";"";;"";"";"";"";1;http://partecipazione.comune.milano.it/processes/test?participatory_process_slug=test;1;Proposta test dopo modifica db;Osservazione test 6;withdrawn;MD-PROP-2020-05-39;"";"";"";"";0;0;"";0;0;3;2020-05-18 08:36:11 UTC;http://partecipazione.comune.milano.it/processes/test/f/1/proposals/39;"";"";true;Proposta test dopo modifica db;http://partecipazione.comune.milano.it/processes/test/f/1/proposals/1
2;;"";"";"";"";;"";"";"";"";1;http://partecipazione.comune.milano.it/processes/test?participatory_process_slug=test;1;Proposta test dopo modifica db;Osservazione test dopo migrazione db;accepted;MD-PROP-2020-05-2;"";"";"";"";0;0;"";0;0;3;2020-05-04 19:53:48 UTC;http://partecipazione.comune.milano.it/processes/test/f/1/proposals/2;"";"";true;Proposta test dopo modifica db;http://partecipazione.comune.milano.it/processes/test/f/1/proposals/1
43;;"";"";"";"";;"";"";"";"";1;http://partecipazione.comune.milano.it/processes/test?participatory_process_slug=test;1;Prova ritiro proposta;Osservazione test 10;withdrawn;MD-PROP-2020-05-43;"";"";"";"";0;0;"";0;0;3;2020-05-18 09:07:35 UTC;http://partecipazione.comune.milano.it/processes/test/f/1/proposals/43;"";"";true;Prova ritiro proposta;http://partecipazione.comune.milano.it/processes/test/f/1/proposals/33
3;;"";"";"";"";;"";"";"";"";1;http://partecipazione.comune.milano.it/processes/test?participatory_process_slug=test;1;Proposta test dopo modifica db;Inserimento per test nuovo ambiente.;accepted;MD-PROP-2020-05-3;"";"";"";"";0;0;"";0;0;3;2020-05-06 17:12:02 UTC;http://partecipazione.comune.milano.it/processes/test/f/1/proposals/3;"";"";true;Proposta test dopo modifica db;http://partecipazione.comune.milano.it/processes/test/f/1/proposals/1
14;;"";"";"";"";;"";"";"";"";1;http://partecipazione.comune.milano.it/processes/test?participatory_process_slug=test;1;Proposta test dopo modifica db;Osservazione di test.;accepted;MD-PROP-2020-05-14;"";"";"";"";0;0;"";0;0;3;2020-05-07 13:12:52 UTC;http://partecipazione.comune.milano.it/processes/test/f/1/proposals/14;"";"";true;Proposta test dopo modifica db;http://partecipazione.comune.milano.it/processes/test/f/1/proposals/1
45;;"";"";"";"";;"";"";"";"";1;http://partecipazione.comune.milano.it/processes/test?participatory_process_slug=test;1;Prova ritiro proposta;Osservazione test 12;withdrawn;MD-PROP-2020-05-45;"";"";"";"";0;0;"";0;0;3;2020-05-18 10:28:58 UTC;http://partecipazione.comune.milano.it/processes/test/f/1/proposals/45;"";"";true;Prova ritiro proposta;http://partecipazione.comune.milano.it/processes/test/f/1/proposals/33
34;;"";"";"";"";;"";"";"";"";1;http://partecipazione.comune.milano.it/processes/test?participatory_process_slug=test;1;Prova ritiro proposta;Prova ritiro proposta new;withdrawn;MD-PROP-2020-05-34;"";"";"";"";0;0;"";0;0;3;2020-05-18 07:27:38 UTC;http://partecipazione.comune.milano.it/processes/test/f/1/proposals/34;"";"";true;Prova ritiro proposta;http://partecipazione.comune.milano.it/processes/test/f/1/proposals/33
15;;"";"";"";"";;"";"";"";"";1;http://partecipazione.comune.milano.it/processes/test?participatory_process_slug=test;1;Proposta test dopo modifica db;Proposta test dopo modifica db NEW;accepted;MD-PROP-2020-05-15;"";"";"";"";0;0;"";0;0;4;2020-05-07 14:15:51 UTC;http://partecipazione.comune.milano.it/processes/test/f/1/proposals/15;"";"";true;Proposta test dopo modifica db;http://partecipazione.comune.milano.it/processes/test/f/1/proposals/1
33;;"";"";"";"";;"";"";"";"";1;http://partecipazione.comune.milano.it/processes/test?participatory_process_slug=test;1;Prova ritiro proposta;Prova ritiro proposta;"";MD-PROP-2020-05-33;"";"";"";"";0;0;"";1;0;4;2020-05-18 07:23:33 UTC;http://partecipazione.comune.milano.it/processes/test/f/1/proposals/33;"";"";false;;
36;;"";"";"";"";;"";"";"";"";1;http://partecipazione.comune.milano.it/processes/test?participatory_process_slug=test;1;Prova ritiro proposta;Osservazione test 1;withdrawn;MD-PROP-2020-05-36;"";"";"";"";0;0;"";0;0;3;2020-05-18 08:21:25 UTC;http://partecipazione.comune.milano.it/processes/test/f/1/proposals/36;"";"";true;Prova ritiro proposta;http://partecipazione.comune.milano.it/processes/test/f/1/proposals/33
37;;"";"";"";"";;"";"";"";"";1;http://partecipazione.comune.milano.it/processes/test?participatory_process_slug=test;1;Proposta test dopo modifica db;Osservazione test 2;withdrawn;MD-PROP-2020-05-37;"";"";"";"";0;0;"";0;0;3;2020-05-18 08:30:35 UTC;http://partecipazione.comune.milano.it/processes/test/f/1/proposals/37;"";"";true;Proposta test dopo modifica db;http://partecipazione.comune.milano.it/processes/test/f/1/proposals/1
47;;"";"";"";"";;"";"";"";"";1;http://partecipazione.comune.milano.it/processes/test?participatory_process_slug=test;1;Proposta di luca;Ciao ciao ciao ciao ciao;waiting;MD-PROP-2020-05-47;"";"";"";<p>Non rispondo</p>;0;0;"";1;0;4;2020-05-22 09:05:46 UTC;http://partecipazione.comune.milano.it/processes/test/f/1/proposals/47;"";"";false;;
44;;"";"";"";"";;"";"";"";"";1;http://partecipazione.comune.milano.it/processes/test?participatory_process_slug=test;1;Proposta test dopo modifica db;Osservazione test 11;accepted;MD-PROP-2020-05-44;"";"";"";"";0;1;Lipparini Lorenzo;1;0;4;2020-05-18 10:22:41 UTC;http://partecipazione.comune.milano.it/processes/test/f/1/proposals/44;"";"";true;Proposta test dopo modifica db;http://partecipazione.comune.milano.it/processes/test/f/1/proposals/1
1;;"";"";"";"";;"";"";"";"";1;http://partecipazione.comune.milano.it/processes/test?participatory_process_slug=test;1;Proposta test dopo modifica db;Osservazione test 11;waiting;MD-PROP-2020-05-1;"";"";"";<p>Test invio commento amministratore, new.</p>;0;1;Silva Michele;2;1;3;2020-05-04 19:47:19 UTC;http://partecipazione.comune.milano.it/processes/test/f/1/proposals/1;"";"";false;;
54;;"";"";"";"";;"";"";"";"";1;http://partecipazione.comune.milano.it/processes/test?participatory_process_slug=test;1;Una nuova proposta felice;"Una bella nuova proposta da modificare
#felicità #gioia,";"";MD-PROP-2020-05-54;"";"";"";"";0;1;Bertone giulia;1;0;4;2020-05-30 10:39:59 UTC;http://partecipazione.comune.milano.it/processes/test/f/1/proposals/54;"";"";false;;
52;;"";"";"";"";;"";"";"";"";1;http://partecipazione.comune.milano.it/processes/test?participatory_process_slug=test;1;Proposta prova per menzione;Proposta prova per menzione Proposta prova per menzione Proposta prova per menzione;"";MD-PROP-2020-05-52;"";"";"";"";0;0;"";1;0;4;2020-05-28 09:50:42 UTC;http://partecipazione.comune.milano.it/processes/test/f/1/proposals/52;"";"";false;;
53;;"";"";"";"";;"";"";"";"";1;http://partecipazione.comune.milano.it/processes/test?participatory_process_slug=test;1;Proposta hash hash;"Proposta prova hashtag
#felicità #serenità";"";MD-PROP-2020-05-53;"";"";"";"";0;0;"";0;0;4;2020-05-30 10:35:08 UTC;http://partecipazione.comune.milano.it/processes/test/f/1/proposals/53;"";"";false;;
35;;"";"";"";"";;"";"";"";"";1;http://partecipazione.comune.milano.it/processes/test?participatory_process_slug=test;2;Decidim Milano;Osservazione di prova ritiro;accepted;MD-PROP-2020-05-35;"";"";"";"";0;0;"";0;0;3;2020-05-18 08:01:58 UTC;http://partecipazione.comune.milano.it/processes/test/f/2/proposals/35;"";"";true;Decidim Milano;http://partecipazione.comune.milano.it/processes/test/f/2/proposals/8
42;;"";"";"";"";;"";"";"";"";1;http://partecipazione.comune.milano.it/processes/test?participatory_process_slug=test;2;Decidim Milano;Osservazione test 9;evaluating;MD-PROP-2020-05-42;"";"";"";"";0;0;"";0;0;4;2020-05-18 08:41:29 UTC;http://partecipazione.comune.milano.it/processes/test/f/2/proposals/42;"";"";true;Decidim Milano;http://partecipazione.comune.milano.it/processes/test/f/2/proposals/8
9;;"";"";"";"";;"";"";"";"";1;http://partecipazione.comune.milano.it/processes/test?participatory_process_slug=test;2;Prova di documenti per testo Partecipativo;Prova di documenti per testo Partecipativo;"";MD-PROP-2020-05-9;"";"";"";"";0;0;"";0;0;3;2020-05-07 12:30:55 UTC;http://partecipazione.comune.milano.it/processes/test/f/2/proposals/9;"";"";false;;
10;;"";"";"";"";;"";"";"";"";1;http://partecipazione.comune.milano.it/processes/test?participatory_process_slug=test;2;Decidim Milano;Osservazione di test;evaluating;MD-PROP-2020-05-10;"";"";"";"";0;0;"";0;0;3;2020-05-07 12:32:06 UTC;http://partecipazione.comune.milano.it/processes/test/f/2/proposals/10;"";"";true;Decidim Milano;http://partecipazione.comune.milano.it/processes/test/f/2/proposals/8
32;;"";"";"";"";;"";"";"";"";1;http://partecipazione.comune.milano.it/processes/test?participatory_process_slug=test;2;Decidim Milano;osservazione nuova di admin;evaluating;MD-PROP-2020-05-32;"";"";"";"";0;0;"";0;0;4;2020-05-14 17:08:14 UTC;http://partecipazione.comune.milano.it/processes/test/f/2/proposals/32;"";"";true;Decidim Milano;http://partecipazione.comune.milano.it/processes/test/f/2/proposals/8
20;;"";"";"";"";;"";"";"";"";1;http://partecipazione.comune.milano.it/processes/test?participatory_process_slug=test;2;Decidim Milano;Proviamo con le notifiche;rejected;MD-PROP-2020-05-20;"";"";"";"";0;0;"";0;0;4;2020-05-14 15:12:19 UTC;http://partecipazione.comune.milano.it/processes/test/f/2/proposals/20;"";"";true;Decidim Milano;http://partecipazione.comune.milano.it/processes/test/f/2/proposals/8
8;;"";"";"";"";;"";"";"";"";1;http://partecipazione.comune.milano.it/processes/test?participatory_process_slug=test;2;Decidim Milano;Osservazione di prova ritiro;"";MD-PROP-2020-05-8;"";"";"";"";1;0;"";0;0;4;2020-05-07 12:30:55 UTC;http://partecipazione.comune.milano.it/processes/test/f/2/proposals/8;"";"";false;;
12;;"";"";"";"";;"";"";"";"";1;http://partecipazione.comune.milano.it/processes/test?participatory_process_slug=test;2;Prova di documenti per testo Partecipativo;Prova osservazione.;evaluating;MD-PROP-2020-05-12;"";"";"";"";0;1;Bonfante Simona;0;0;4;2020-05-07 13:09:43 UTC;http://partecipazione.comune.milano.it/processes/test/f/2/proposals/12;"";"";true;Prova di documenti per testo Partecipativo;http://partecipazione.comune.milano.it/processes/test/f/2/proposals/9
41;;"";"";"";"";;"";"";"";"";1;http://partecipazione.comune.milano.it/processes/test?participatory_process_slug=test;2;Decidim Milano;Osservazione test 8;evaluating;MD-PROP-2020-05-41;"";"";"";"";0;1;Silva Michele;1;0;3;2020-05-18 08:37:56 UTC;http://partecipazione.comune.milano.it/processes/test/f/2/proposals/41;"";"";true;Decidim Milano;http://partecipazione.comune.milano.it/processes/test/f/2/proposals/8
56;;"";"";"";"";;"";"";"";"";1;http://partecipazione.comune.milano.it/processes/test?participatory_process_slug=test;2;Prova di documenti per testo Partecipativo;Bla Bla bla bla;evaluating;MD-PROP-2020-06-56;"";"";"";"";0;2;Bonfante Simona, Maturo Fabrizio;0;0;4;2020-06-18 09:36:45 UTC;http://partecipazione.comune.milano.it/processes/test/f/2/proposals/56;"";"";true;Prova di documenti per testo Partecipativo;http://partecipazione.comune.milano.it/processes/test/f/2/proposals/9
49;;"";"";"";"";;"";"";"";"";1;http://partecipazione.comune.milano.it/processes/test?participatory_process_slug=test;2;Decidim Milano;Davvero una bella proposta;evaluating;MD-PROP-2020-05-49;"";"";"";"";0;0;"";0;0;4;2020-05-26 15:19:23 UTC;http://partecipazione.comune.milano.it/processes/test/f/2/proposals/49;"";"";true;Decidim Milano;http://partecipazione.comune.milano.it/processes/test/f/2/proposals/8
50;;"";"";"";"";;"";"";"";"";1;http://partecipazione.comune.milano.it/processes/test?participatory_process_slug=test;2;Decidim Milano;Non condivido questa bozza di regolamento.;evaluating;MD-PROP-2020-05-50;"";"";"";"";0;0;"";0;0;4;2020-05-26 15:28:31 UTC;http://partecipazione.comune.milano.it/processes/test/f/2/proposals/50;"";"";true;Decidim Milano;http://partecipazione.comune.milano.it/processes/test/f/2/proposals/8
57;;"";"";"";"";;"";"";"";"";1;http://partecipazione.comune.milano.it/processes/test?participatory_process_slug=test;2;Decidim Milano;Prova cancellazione osservazione;evaluating;MD-PROP-2020-06-57;"";"";"";"";0;0;"";0;0;4;2020-06-22 12:52:24 UTC;http://partecipazione.comune.milano.it/processes/test/f/2/proposals/57;"";"";true;Decidim Milano;http://partecipazione.comune.milano.it/processes/test/f/2/proposals/8
24;;"";"";"";"";;"";"";"";"";1;http://partecipazione.comune.milano.it/processes/test?participatory_process_slug=test;3;Proposta giulia giulia;Questa è la mia NUOVA osservazione;rejected;MD-PROP-2020-05-24;"";"";"";"";0;0;"";0;0;4;2020-05-14 15:41:41 UTC;http://partecipazione.comune.milano.it/processes/test/f/3/proposals/24;"";"";true;Proposta giulia giulia;http://partecipazione.comune.milano.it/processes/test/f/3/proposals/21
18;;"";"";"";"";;"";"";"";"";1;http://partecipazione.comune.milano.it/processes/test?participatory_process_slug=test;3;Proposta testo default;Proposta test default ;evaluating;MD-PROP-2020-05-18;"";"";"";"";0;0;"";0;0;3;2020-05-08 12:59:55 UTC;http://partecipazione.comune.milano.it/processes/test/f/3/proposals/18;"";"";true;Proposta testo default;http://partecipazione.comune.milano.it/processes/test/f/3/proposals/11
40;;"";"";"";"";;"";"";"";"";1;http://partecipazione.comune.milano.it/processes/test?participatory_process_slug=test;3;Proposta testo default;Proposta testo default 7;evaluating;MD-PROP-2020-05-40;"";"";"";"";0;0;"";0;0;3;2020-05-18 08:36:53 UTC;http://partecipazione.comune.milano.it/processes/test/f/3/proposals/40;"";"";true;Proposta testo default;http://partecipazione.comune.milano.it/processes/test/f/3/proposals/11
27;;"";"";"";"";;"";"";"";"";1;http://partecipazione.comune.milano.it/processes/test?participatory_process_slug=test;3;Proposta giulia giulia;Questa è la mia osservazione;withdrawn;MD-PROP-2020-05-27;"";"";"";"";0;0;"";0;0;4;2020-05-14 16:06:00 UTC;http://partecipazione.comune.milano.it/processes/test/f/3/proposals/27;"";"";false;;
28;;"";"";"";"";;"";"";"";"";1;http://partecipazione.comune.milano.it/processes/test?participatory_process_slug=test;3;Proposta giulia giulia;Ancora voglio osservare;rejected;MD-PROP-2020-05-28;"";"";"";<p>NO</p>;0;0;"";0;0;5;2020-05-14 16:20:32 UTC;http://partecipazione.comune.milano.it/processes/test/f/3/proposals/28;"";"";false;;
25;;"";"";"";"";;"";"";"";"";1;http://partecipazione.comune.milano.it/processes/test?participatory_process_slug=test;3;Proposta standard;Osservazione da parte di admin 3;evaluating;MD-PROP-2020-05-25;"";"";"";"";0;0;"";0;0;4;2020-05-14 15:52:06 UTC;http://partecipazione.comune.milano.it/processes/test/f/3/proposals/25;"";"";true;Proposta standard;http://partecipazione.comune.milano.it/processes/test/f/3/proposals/23
21;;"";"";"";"";;"";"";"";"";1;http://partecipazione.comune.milano.it/processes/test?participatory_process_slug=test;3;Proposta giulia giulia;Questa è la mia osservazione;"";MD-PROP-2020-05-21;"";"";"";"";0;0;"";0;0;5;2020-05-14 15:25:04 UTC;http://partecipazione.comune.milano.it/processes/test/f/3/proposals/21;"";"";false;;
29;;"";"";"";"";;"";"";"";"";1;http://partecipazione.comune.milano.it/processes/test?participatory_process_slug=test;3;Proposta standard;Questa è una proposta standard osservata dall'admin;evaluating;MD-PROP-2020-05-29;"";"";"";"";0;1;Amministratore3 - Decidim Test;0;0;4;2020-05-14 16:58:27 UTC;http://partecipazione.comune.milano.it/processes/test/f/3/proposals/29;"";"";true;Proposta standard;http://partecipazione.comune.milano.it/processes/test/f/3/proposals/23
31;;"";"";"";"";;"";"";"";"";1;http://partecipazione.comune.milano.it/processes/test?participatory_process_slug=test;3;Proposta standard;Questa è una proposta standard OSSERVATA CON CURA;accepted;MD-PROP-2020-05-31;"";"";"";"";1;2;Amministratore3 - Decidim Test, Utente3 Standard - Decidim Test;4;0;7;2020-05-14 17:04:31 UTC;http://partecipazione.comune.milano.it/processes/test/f/3/proposals/31;"";"";true;Proposta standard;http://partecipazione.comune.milano.it/processes/test/f/3/proposals/23
19;;"";"";"";"";;"";"";"";"";1;http://partecipazione.comune.milano.it/processes/test?participatory_process_slug=test;3;Proposta per commenti ritiro;Proposta per commenti ritiro;evaluating;MD-PROP-2020-05-19;"";"";"";"";1;0;"";0;0;4;2020-05-11 10:29:01 UTC;http://partecipazione.comune.milano.it/processes/test/f/3/proposals/19;"";"";false;;
16;;"";"";"";"";;"";"";"";"";1;http://partecipazione.comune.milano.it/processes/test?participatory_process_slug=test;3;Proposta testo default;Proposta testo default, testo nuovo;evaluating;MD-PROP-2020-05-16;"";"";"";"";1;0;"";2;0;3;2020-05-08 09:47:16 UTC;http://partecipazione.comune.milano.it/processes/test/f/3/proposals/16;"";"";true;Proposta testo default;http://partecipazione.comune.milano.it/processes/test/f/3/proposals/11
22;;"";"";"";"";;"";"";"";"";1;http://partecipazione.comune.milano.it/processes/test?participatory_process_slug=test;3;Proposta giulia giulia;Questa è la mia osservazione;accepted;MD-PROP-2020-05-22;"";"";"";"";0;1;Amministratore3 - Decidim Test;1;0;5;2020-05-14 15:26:24 UTC;http://partecipazione.comune.milano.it/processes/test/f/3/proposals/22;"";"";true;Proposta giulia giulia;http://partecipazione.comune.milano.it/processes/test/f/3/proposals/21
11;;"";"";"";"";;"";"";"";"";1;http://partecipazione.comune.milano.it/processes/test?participatory_process_slug=test;3;Proposta testo default;Proposta testo default TEST NOTIFICHE;"";MD-PROP-2020-05-11;"";"";"";"";1;0;"";0;0;4;2020-05-07 12:34:01 UTC;http://partecipazione.comune.milano.it/processes/test/f/3/proposals/11;"";"";false;;
26;;"";"";"";"";;"";"";"";"";1;http://partecipazione.comune.milano.it/processes/test?participatory_process_slug=test;3;Proposta giulia giulia;Ancora voglio osservare;rejected;MD-PROP-2020-05-26;"";"";"";"";0;1;Bonfante Simona;0;0;5;2020-05-14 15:55:09 UTC;http://partecipazione.comune.milano.it/processes/test/f/3/proposals/26;"";"";true;Proposta giulia giulia;http://partecipazione.comune.milano.it/processes/test/f/3/proposals/21
58;;"";"";"";"";;"";"";"";"";1;http://partecipazione.comune.milano.it/processes/test?participatory_process_slug=test;3;Ecco una nuova proposta;Testiamo la cancellazione di una proposta dopo l'aggiunta di commenti;"";MD-PROP-2020-06-58;"";"";"";"";0;0;"";0;0;4;2020-06-23 13:05:52 UTC;http://partecipazione.comune.milano.it/processes/test/f/3/proposals/58;"";"";false;;
23;;"";"";"";"";;"";"";"";"";1;http://partecipazione.comune.milano.it/processes/test?participatory_process_slug=test;3;Proposta standard;Questa è una proposta standard OSSERVATA CON CURA;evaluating;MD-PROP-2020-05-23;"";"";"";<p>CHE BELLA PROPOSTA</p>;0;0;"";0;0;5;2020-05-14 15:37:29 UTC;http://partecipazione.comune.milano.it/processes/test/f/3/proposals/23;"";"";false;;
48;;"";"";"";"";;"";"";"";"";1;http://partecipazione.comune.milano.it/processes/test?participatory_process_slug=test;3;Proposta testo default;Proposta testo default TEST NOTIFICHE;accepted;MD-PROP-2020-05-48;"";"";"";"";0;1;Silva Michele;1;0;4;2020-05-26 12:53:34 UTC;http://partecipazione.comune.milano.it/processes/test/f/3/proposals/48;"";"";true;Proposta testo default;http://partecipazione.comune.milano.it/processes/test/f/3/proposals/11
